Group,TotalNR,MeanNR,TotalN,MeanN,TotalYld,MeanYld,MeanPro
nugent_zones,23294.3433226098,147.432552674746,12640,80,7808.91819861139,49.4235329026038,13.7918510966374
