Group,TotalNR,MeanNR,TotalN,MeanN,TotalYld,MeanYld,MeanPro
caleb.trevor.dipiza,22642.524951491,143.307119946146,15500.4028665505,98.1038156110788,8017.50148195926,50.743680265565,14.09438927419
